benchmark,width,Xwidth,XDwidth
./benchmarks/map/gh/problog_format/gh_11_0_6_33.pl,17,41,41
./benchmarks/map/gh/problog_format/gh_14_0_7_87.pl,21,92,95
./benchmarks/map/gh/problog_format/gh_8_0_9_5.pl,12,14,14
./benchmarks/map/gh/problog_format/gh_2_0_2_0.pl,2,2,2
./benchmarks/map/gh/problog_format/gh_10_0_3_44.pl,15,47,48
./benchmarks/map/gh/problog_format/gh_3_0_4_1.pl,4,4,4
./benchmarks/map/gh/problog_format/gh_5_0_4_5.pl,7,9,9
./benchmarks/map/gh/problog_format/gh_7_0_4_11.pl,11,16,17
./benchmarks/map/gh/problog_format/gh_11_0_2_34.pl,17,41,42
./benchmarks/map/gh/problog_format/gh_13_0_7_27.pl,21,36,36
./benchmarks/map/gh/problog_format/gh_3_0_9_4.pl,4,5,4
./benchmarks/map/gh/problog_format/gh_8_0_5_9.pl,12,16,16
./benchmarks/map/gh/problog_format/gh_12_0_9_63.pl,20,68,69
./benchmarks/map/gh/problog_format/gh_4_0_6_0.pl,5,5,5
./benchmarks/map/gh/problog_format/gh_14_0_9_52.pl,22,65,62
./benchmarks/map/gh/problog_format/gh_11_0_1_42.pl,16,48,48
./benchmarks/map/gh/problog_format/gh_3_0_6_2.pl,4,4,4
./benchmarks/map/gh/problog_format/gh_9_0_2_16.pl,13,22,22
./benchmarks/map/gh/problog_format/gh_8_0_1_28.pl,14,32,32
./benchmarks/map/gh/problog_format/gh_13_0_1_89.pl,22,96,22
./benchmarks/map/gh/problog_format/gh_3_0_3_4.pl,4,5,4
./benchmarks/map/gh/problog_format/gh_2_0_0_1.pl,2,2,2
./benchmarks/map/gh/problog_format/gh_2_0_1_1.pl,2,2,2
./benchmarks/map/gh/problog_format/gh_12_0_7_73.pl,18,78,78
./benchmarks/map/gh/problog_format/gh_14_0_4_70.pl,21,78,78
./benchmarks/map/gh/problog_format/gh_11_0_4_47.pl,18,52,52
./benchmarks/map/gh/problog_format/gh_7_0_7_9.pl,10,15,15
./benchmarks/map/gh/problog_format/gh_13_0_3_61.pl,20,69,65
./benchmarks/map/gh/problog_format/gh_9_0_3_21.pl,15,27,26
./benchmarks/map/gh/problog_format/gh_11_0_3_64.pl,17,68,17
./benchmarks/map/gh/problog_format/gh_14_0_2_26.pl,21,38,38
./benchmarks/map/gh/problog_format/gh_14_0_5_54.pl,23,63,62
./benchmarks/map/gh/problog_format/gh_9_0_1_30.pl,13,34,34
./benchmarks/map/gh/problog_format/gh_8_0_7_5.pl,12,14,14
./benchmarks/map/gh/problog_format/gh_12_0_1_15.pl,19,27,27
./benchmarks/map/gh/problog_format/gh_2_0_9_0.pl,2,2,2
./benchmarks/map/gh/problog_format/gh_5_0_8_1.pl,7,7,7
./benchmarks/map/gh/problog_format/gh_7_0_2_10.pl,11,16,16
./benchmarks/map/gh/problog_format/gh_3_0_5_4.pl,4,5,4
./benchmarks/map/gh/problog_format/gh_7_0_6_14.pl,10,18,18
./benchmarks/map/gh/problog_format/gh_5_0_9_7.pl,7,10,10
./benchmarks/map/gh/problog_format/gh_7_0_9_22.pl,10,25,25
./benchmarks/map/gh/problog_format/gh_4_0_1_2.pl,5,5,5
./benchmarks/map/gh/problog_format/gh_13_0_2_56.pl,20,62,62
./benchmarks/map/gh/problog_format/gh_14_0_6_68.pl,22,75,77
./benchmarks/map/gh/problog_format/gh_13_0_0_52.pl,21,62,62
./benchmarks/map/gh/problog_format/gh_4_0_0_3.pl,5,5,5
./benchmarks/map/gh/problog_format/gh_8_0_2_18.pl,11,23,23
./benchmarks/map/gh/problog_format/gh_2_0_6_0.pl,2,2,2
./benchmarks/map/gh/problog_format/gh_14_0_3_62.pl,21,71,71
./benchmarks/map/gh/problog_format/gh_4_0_4_8.pl,5,9,5
./benchmarks/map/gh/problog_format/gh_6_0_9_5.pl,8,10,10
./benchmarks/map/gh/problog_format/gh_10_0_2_32.pl,16,36,36
./benchmarks/map/gh/problog_format/gh_6_0_2_9.pl,8,14,14
./benchmarks/map/gh/problog_format/gh_13_0_4_69.pl,23,78,78
./benchmarks/map/gh/problog_format/gh_11_0_7_36.pl,18,44,44
./benchmarks/map/gh/problog_format/gh_6_0_4_10.pl,8,14,14
./benchmarks/map/gh/problog_format/gh_2_0_7_1.pl,2,2,2
./benchmarks/map/gh/problog_format/gh_7_0_3_11.pl,11,16,16
./benchmarks/map/gh/problog_format/gh_13_0_5_88.pl,21,97,96
./benchmarks/map/gh/problog_format/gh_7_0_1_26.pl,10,28,10
./benchmarks/map/gh/problog_format/gh_3_0_8_4.pl,4,5,4
./benchmarks/map/gh/problog_format/gh_2_0_8_0.pl,2,2,2
./benchmarks/map/gh/problog_format/gh_5_0_2_5.pl,7,9,9
./benchmarks/map/gh/problog_format/gh_5_0_3_2.pl,7,7,7
./benchmarks/map/gh/problog_format/gh_10_0_1_27.pl,16,32,32
./benchmarks/map/gh/problog_format/gh_7_0_5_5.pl,10,12,12
./benchmarks/map/gh/problog_format/gh_8_0_3_0.pl,12,12,12
./benchmarks/map/gh/problog_format/gh_12_0_3_71.pl,18,74,76
./benchmarks/map/gh/problog_format/gh_11_0_0_59.pl,18,64,60
./benchmarks/map/gh/problog_format/gh_6_0_1_9.pl,9,13,13
./benchmarks/map/gh/problog_format/gh_10_0_7_41.pl,15,46,45
./benchmarks/map/gh/problog_format/gh_9_0_6_37.pl,13,41,41
./benchmarks/map/gh/problog_format/gh_6_0_3_0.pl,8,8,8
./benchmarks/map/gh/problog_format/gh_7_0_8_10.pl,10,15,15
./benchmarks/map/gh/problog_format/gh_2_0_3_0.pl,2,2,2
./benchmarks/map/gh/problog_format/gh_6_0_8_1.pl,9,9,9
./benchmarks/map/gh/problog_format/gh_11_0_9_14.pl,19,26,26
./benchmarks/map/gh/problog_format/gh_12_0_4_22.pl,19,34,34
./benchmarks/map/gh/problog_format/gh_4_0_2_7.pl,5,8,7
./benchmarks/map/gh/problog_format/gh_5_0_6_5.pl,7,9,9
./benchmarks/map/gh/problog_format/gh_4_0_8_3.pl,5,6,6
./benchmarks/map/gh/problog_format/gh_6_0_5_15.pl,8,18,18
./benchmarks/map/gh/problog_format/gh_9_0_0_2.pl,13,14,14
./benchmarks/map/gh/problog_format/gh_8_0_4_21.pl,13,25,25
./benchmarks/map/gh/problog_format/gh_10_0_0_22.pl,15,31,30
./benchmarks/map/gh/problog_format/gh_6_0_6_6.pl,8,10,10
./benchmarks/map/gh/problog_format/gh_12_0_0_15.pl,19,27,26
./benchmarks/map/gh/problog_format/gh_9_0_5_35.pl,13,39,40
./benchmarks/map/gh/problog_format/gh_8_0_8_21.pl,13,25,25
./benchmarks/map/gh/problog_format/gh_5_0_5_0.pl,7,7,7
./benchmarks/map/gh/problog_format/gh_14_0_8_80.pl,22,88,88
./benchmarks/map/gh/problog_format/gh_3_0_1_1.pl,4,4,4
./benchmarks/map/gh/problog_format/gh_12_0_2_75.pl,18,82,72
./benchmarks/map/gh/problog_format/gh_12_0_5_56.pl,20,60,62
./benchmarks/map/gh/problog_format/gh_12_0_6_50.pl,19,55,55
./benchmarks/map/gh/problog_format/gh_13_0_9_85.pl,20,90,105
./benchmarks/map/gh/problog_format/gh_11_0_5_18.pl,16,28,28
./benchmarks/map/gh/problog_format/gh_4_0_5_4.pl,5,7,7
./benchmarks/map/gh/problog_format/gh_3_0_7_1.pl,4,4,4
./benchmarks/map/gh/problog_format/gh_12_0_8_36.pl,21,44,44
./benchmarks/map/gh/problog_format/gh_14_0_0_42.pl,20,51,52
./benchmarks/map/gh/problog_format/gh_4_0_9_3.pl,5,6,6
./benchmarks/map/gh/problog_format/gh_9_0_9_16.pl,15,23,23
./benchmarks/map/gh/problog_format/gh_7_0_0_16.pl,12,20,19
./benchmarks/map/gh/problog_format/gh_10_0_4_23.pl,14,29,29
./benchmarks/map/gh/problog_format/gh_11_0_8_54.pl,18,57,59
./benchmarks/map/gh/problog_format/gh_3_0_0_0.pl,4,4,4
./benchmarks/map/gh/problog_format/gh_9_0_7_4.pl,13,14,14
./benchmarks/map/gh/problog_format/gh_2_0_4_0.pl,2,2,2
./benchmarks/map/gh/problog_format/gh_4_0_7_1.pl,5,5,5
./benchmarks/map/gh/problog_format/gh_9_0_8_38.pl,13,40,41
./benchmarks/map/gh/problog_format/gh_8_0_0_27.pl,14,30,26
./benchmarks/map/gh/problog_format/gh_13_0_8_58.pl,21,67,65
./benchmarks/map/gh/problog_format/gh_5_0_7_7.pl,7,11,11
./benchmarks/map/gh/problog_format/gh_3_0_2_1.pl,4,4,4
./benchmarks/map/gh/problog_format/gh_9_0_4_30.pl,13,34,34
./benchmarks/map/gh/problog_format/gh_13_0_6_53.pl,21,64,62
./benchmarks/map/gh/problog_format/gh_14_0_1_69.pl,21,75,77
./benchmarks/map/gh/problog_format/gh_2_0_5_1.pl,2,2,2
./benchmarks/map/gh/problog_format/gh_10_0_8_16.pl,15,24,24
./benchmarks/map/gh/problog_format/gh_10_0_6_11.pl,15,21,21
./benchmarks/map/gh/problog_format/gh_6_0_0_1.pl,9,9,9
./benchmarks/map/gh/problog_format/gh_5_0_1_2.pl,7,7,7
./benchmarks/map/gh/problog_format/gh_8_0_6_21.pl,13,25,25
./benchmarks/map/gh/problog_format/gh_4_0_3_4.pl,5,7,7
./benchmarks/map/gh/problog_format/gh_6_0_7_19.pl,8,21,8
./benchmarks/map/gh/problog_format/gh_5_0_0_5.pl,7,10,10
./benchmarks/map/gh/problog_format/gh_10_0_5_40.pl,15,44,44
./benchmarks/map/gh/problog_format/gh_10_0_9_19.pl,13,27,27
./benchmarks/map/gnb/problog_format/gnb_11_0_4_6.pl,12,14,14
./benchmarks/map/gnb/problog_format/gnb_14_0_7_34.pl,15,35,35
./benchmarks/map/gnb/problog_format/gnb_15_0_6_32.pl,16,35,35
./benchmarks/map/gnb/problog_format/gnb_13_0_1_22.pl,14,26,26
./benchmarks/map/gnb/problog_format/gnb_12_0_1_53.pl,13,54,54
./benchmarks/map/gnb/problog_format/gnb_9_0_7_35.pl,10,36,33
./benchmarks/map/gnb/problog_format/gnb_15_0_2_104.pl,16,105,80
./benchmarks/map/gnb/problog_format/gnb_3_0_6_1.pl,3,3,3
./benchmarks/map/gnb/problog_format/gnb_3_0_9_1.pl,4,4,4
./benchmarks/map/gnb/problog_format/gnb_8_0_7_7.pl,9,12,12
./benchmarks/map/gnb/problog_format/gnb_5_0_6_1.pl,6,6,6
./benchmarks/map/gnb/problog_format/gnb_11_0_3_30.pl,12,32,32
./benchmarks/map/gnb/problog_format/gnb_8_0_1_9.pl,9,11,11
./benchmarks/map/gnb/problog_format/gnb_4_0_8_0.pl,5,5,5
./benchmarks/map/gnb/problog_format/gnb_5_0_8_4.pl,6,6,6
./benchmarks/map/gnb/problog_format/gnb_11_0_2_56.pl,12,57,12
./benchmarks/map/gnb/problog_format/gnb_4_0_0_5.pl,4,7,4
./benchmarks/map/gnb/problog_format/gnb_3_0_2_0.pl,3,3,3
./benchmarks/map/gnb/problog_format/gnb_9_0_4_31.pl,10,32,29
./benchmarks/map/gnb/problog_format/gnb_6_0_0_1.pl,7,7,7
./benchmarks/map/gnb/problog_format/gnb_8_0_3_1.pl,9,9,9
./benchmarks/map/gnb/problog_format/gnb_2_0_9_2.pl,3,3,3
./benchmarks/map/gnb/problog_format/gnb_5_0_9_10.pl,6,11,6
./benchmarks/map/gnb/problog_format/gnb_10_0_6_28.pl,11,30,30
./benchmarks/map/gnb/problog_format/gnb_6_0_1_4.pl,7,8,8
./benchmarks/map/gnb/problog_format/gnb_13_0_7_24.pl,14,26,26
./benchmarks/map/gnb/problog_format/gnb_12_0_7_10.pl,13,14,14
./benchmarks/map/gnb/problog_format/gnb_3_0_8_4.pl,3,5,3
./benchmarks/map/gnb/problog_format/gnb_6_0_8_3.pl,7,7,7
./benchmarks/map/gnb/problog_format/gnb_9_0_8_13.pl,10,17,17
./benchmarks/map/gnb/problog_format/gnb_6_0_5_13.pl,7,14,14
./benchmarks/map/gnb/problog_format/gnb_10_0_8_22.pl,11,25,25
./benchmarks/map/gnb/problog_format/gnb_15_0_3_28.pl,16,33,33
./benchmarks/map/gnb/problog_format/gnb_10_0_5_13.pl,11,16,16
./benchmarks/map/gnb/problog_format/gnb_5_0_1_4.pl,6,7,7
./benchmarks/map/gnb/problog_format/gnb_13_0_5_45.pl,14,47,47
./benchmarks/map/gnb/problog_format/gnb_3_0_1_2.pl,3,4,4
./benchmarks/map/gnb/problog_format/gnb_14_0_9_40.pl,15,43,43
./benchmarks/map/gnb/problog_format/gnb_15_0_1_24.pl,16,28,28
./benchmarks/map/gnb/problog_format/gnb_15_0_0_15.pl,16,21,21
./benchmarks/map/gnb/problog_format/gnb_1_0_0_0.pl,1,1,1
./benchmarks/map/gnb/problog_format/gnb_12_0_2_31.pl,13,33,33
./benchmarks/map/gnb/problog_format/gnb_1_0_4_1.pl,1,1,1
./benchmarks/map/gnb/problog_format/gnb_4_0_4_3.pl,5,5,5
./benchmarks/map/gnb/problog_format/gnb_7_0_3_21.pl,8,22,15
./benchmarks/map/gnb/problog_format/gnb_13_0_0_10.pl,14,16,16
./benchmarks/map/gnb/problog_format/gnb_4_0_5_3.pl,5,5,5
./benchmarks/map/gnb/problog_format/gnb_5_0_2_5.pl,6,7,7
./benchmarks/map/gnb/problog_format/gnb_14_0_2_90.pl,16,91,83
./benchmarks/map/gnb/problog_format/gnb_1_0_6_1.pl,1,1,1
./benchmarks/map/gnb/problog_format/gnb_8_0_4_28.pl,9,29,23
./benchmarks/map/gnb/problog_format/gnb_12_0_3_41.pl,14,44,44
./benchmarks/map/gnb/problog_format/gnb_8_0_8_25.pl,9,26,25
./benchmarks/map/gnb/problog_format/gnb_10_0_2_12.pl,11,15,15
./benchmarks/map/gnb/problog_format/gnb_6_0_6_11.pl,7,14,14
./benchmarks/map/gnb/problog_format/gnb_13_0_6_31.pl,14,35,35
./benchmarks/map/gnb/problog_format/gnb_5_0_4_6.pl,6,9,9
./benchmarks/map/gnb/problog_format/gnb_15_0_5_7.pl,16,17,17
./benchmarks/map/gnb/problog_format/gnb_11_0_1_10.pl,12,16,16
./benchmarks/map/gnb/problog_format/gnb_8_0_6_26.pl,9,27,27
./benchmarks/map/gnb/problog_format/gnb_12_0_6_40.pl,13,42,42
./benchmarks/map/gnb/problog_format/gnb_6_0_4_15.pl,7,16,16
./benchmarks/map/gnb/problog_format/gnb_3_0_4_2.pl,3,4,4
./benchmarks/map/gnb/problog_format/gnb_10_0_4_7.pl,11,13,13
./benchmarks/map/gnb/problog_format/gnb_7_0_9_16.pl,8,18,18
./benchmarks/map/gnb/problog_format/gnb_4_0_1_7.pl,5,8,5
./benchmarks/map/gnb/problog_format/gnb_1_0_2_0.pl,1,1,1
./benchmarks/map/gnb/problog_format/gnb_14_0_3_61.pl,15,62,61
./benchmarks/map/gnb/problog_format/gnb_12_0_0_59.pl,13,61,54
./benchmarks/map/gnb/problog_format/gnb_11_0_9_32.pl,12,34,32
./benchmarks/map/gnb/problog_format/gnb_2_0_8_1.pl,3,3,3
./benchmarks/map/gnb/problog_format/gnb_14_0_0_54.pl,15,55,55
./benchmarks/map/gnb/problog_format/gnb_11_0_7_17.pl,12,20,20
./benchmarks/map/gnb/problog_format/gnb_4_0_3_1.pl,5,5,5
./benchmarks/map/gnb/problog_format/gnb_3_0_0_2.pl,3,3,3
./benchmarks/map/gnb/problog_format/gnb_1_0_8_0.pl,1,1,1
./benchmarks/map/gnb/problog_format/gnb_10_0_3_0.pl,11,11,11
./benchmarks/map/gnb/problog_format/gnb_10_0_1_19.pl,11,22,22
./benchmarks/map/gnb/problog_format/gnb_7_0_0_12.pl,8,15,15
./benchmarks/map/gnb/problog_format/gnb_6_0_3_0.pl,7,7,7
./benchmarks/map/gnb/problog_format/gnb_1_0_9_1.pl,1,1,1
./benchmarks/map/gnb/problog_format/gnb_13_0_2_22.pl,14,25,25
./benchmarks/map/gnb/problog_format/gnb_10_0_7_22.pl,11,24,24
./benchmarks/map/gnb/problog_format/gnb_11_0_8_28.pl,12,29,29
./benchmarks/map/gnb/problog_format/gnb_5_0_0_4.pl,6,7,7
./benchmarks/map/gnb/problog_format/gnb_8_0_9_22.pl,9,24,24
./benchmarks/map/gnb/problog_format/gnb_9_0_1_34.pl,10,35,22
./benchmarks/map/gnb/problog_format/gnb_1_0_7_1.pl,1,1,1
./benchmarks/map/gnb/problog_format/gnb_9_0_0_1.pl,10,10,10
./benchmarks/map/gnb/problog_format/gnb_14_0_6_68.pl,15,69,69
./benchmarks/map/gnb/problog_format/gnb_9_0_6_34.pl,10,35,33
./benchmarks/map/gnb/problog_format/gnb_7_0_6_17.pl,8,19,19
./benchmarks/map/gnb/problog_format/gnb_4_0_7_5.pl,4,7,7
./benchmarks/map/gnb/problog_format/gnb_7_0_5_5.pl,8,10,10
./benchmarks/map/gnb/problog_format/gnb_14_0_4_37.pl,15,41,41
./benchmarks/map/gnb/problog_format/gnb_9_0_5_25.pl,10,28,28
./benchmarks/map/gnb/problog_format/gnb_2_0_3_2.pl,3,3,3
./benchmarks/map/gnb/problog_format/gnb_8_0_2_19.pl,9,21,21
./benchmarks/map/gnb/problog_format/gnb_15_0_9_81.pl,16,82,75
./benchmarks/map/gnb/problog_format/gnb_2_0_4_0.pl,3,3,3
./benchmarks/map/gnb/problog_format/gnb_9_0_3_23.pl,10,26,26
./benchmarks/map/gnb/problog_format/gnb_5_0_5_7.pl,6,9,9
./benchmarks/map/gnb/problog_format/gnb_2_0_7_0.pl,3,3,3
./benchmarks/map/gnb/problog_format/gnb_2_0_1_2.pl,3,3,3
./benchmarks/map/gnb/problog_format/gnb_12_0_5_57.pl,13,58,55
./benchmarks/map/gnb/problog_format/gnb_3_0_5_1.pl,3,3,3
./benchmarks/map/gnb/problog_format/gnb_3_0_3_3.pl,3,5,3
./benchmarks/map/gnb/problog_format/gnb_6_0_7_8.pl,7,10,10
./benchmarks/map/gnb/problog_format/gnb_10_0_0_12.pl,11,17,17
./benchmarks/map/gnb/problog_format/gnb_13_0_3_26.pl,14,29,29
./benchmarks/map/gnb/problog_format/gnb_12_0_8_39.pl,13,40,40
./benchmarks/map/gnb/problog_format/gnb_11_0_0_6.pl,12,13,13
./benchmarks/map/gnb/problog_format/gnb_14_0_1_0.pl,15,15,15
./benchmarks/map/gnb/problog_format/gnb_15_0_7_50.pl,16,51,51
./benchmarks/map/gnb/problog_format/gnb_15_0_4_26.pl,16,31,31
./benchmarks/map/gnb/problog_format/gnb_3_0_7_3.pl,4,5,5
./benchmarks/map/gnb/problog_format/gnb_7_0_2_6.pl,8,8,8
./benchmarks/map/gnb/problog_format/gnb_15_0_8_78.pl,16,79,79
./benchmarks/map/gnb/problog_format/gnb_12_0_9_5.pl,13,14,14
./benchmarks/map/gnb/problog_format/gnb_14_0_8_34.pl,15,36,36
./benchmarks/map/gnb/problog_format/gnb_8_0_0_22.pl,9,25,25
./benchmarks/map/gnb/problog_format/gnb_7_0_4_13.pl,8,15,15
./benchmarks/map/gnb/problog_format/gnb_14_0_5_5.pl,15,16,16
./benchmarks/map/gnb/problog_format/gnb_13_0_4_72.pl,14,73,47
./benchmarks/map/gnb/problog_format/gnb_7_0_8_18.pl,8,19,18
./benchmarks/map/gnb/problog_format/gnb_13_0_9_32.pl,14,36,36
./benchmarks/map/gnb/problog_format/gnb_5_0_3_8.pl,6,9,8
./benchmarks/map/gnb/problog_format/gnb_4_0_6_4.pl,5,6,6
./benchmarks/map/gnb/problog_format/gnb_12_0_4_65.pl,14,66,61
./benchmarks/map/gnb/problog_format/gnb_5_0_7_10.pl,6,11,10
./benchmarks/map/gnb/problog_format/gnb_7_0_7_16.pl,8,18,18
./benchmarks/map/gnb/problog_format/gnb_9_0_2_4.pl,10,11,11
./benchmarks/map/gnb/problog_format/gnb_6_0_9_10.pl,7,13,13
./benchmarks/map/gnb/problog_format/gnb_2_0_5_0.pl,3,3,3
./benchmarks/map/gnb/problog_format/gnb_8_0_5_1.pl,9,9,9
./benchmarks/map/gnb/problog_format/gnb_1_0_3_0.pl,1,1,1
./benchmarks/map/gnb/problog_format/gnb_2_0_0_2.pl,3,3,3
./benchmarks/map/gnb/problog_format/gnb_10_0_9_39.pl,11,41,36
./benchmarks/map/gnb/problog_format/gnb_7_0_1_14.pl,8,16,16
./benchmarks/map/gnb/problog_format/gnb_1_0_1_0.pl,1,1,1
./benchmarks/map/gnb/problog_format/gnb_11_0_5_22.pl,12,25,25
./benchmarks/map/gnb/problog_format/gnb_13_0_8_35.pl,14,39,39
./benchmarks/map/gnb/problog_format/gnb_9_0_9_19.pl,10,21,21
./benchmarks/map/gnb/problog_format/gnb_4_0_9_6.pl,5,8,5
./benchmarks/map/gnb/problog_format/gnb_6_0_2_3.pl,7,7,7
./benchmarks/map/gnb/problog_format/gnb_2_0_6_0.pl,3,3,3
./benchmarks/map/gnb/problog_format/gnb_11_0_6_13.pl,12,19,19
./benchmarks/map/gnb/problog_format/gnb_1_0_5_0.pl,1,1,1
./benchmarks/map/gnb/problog_format/gnb_2_0_2_2.pl,3,3,3
./benchmarks/map/gnb/problog_format/gnb_4_0_2_6.pl,5,7,7
./benchmarks/map/blood/problog_format/bl4_0_1_467.pl,15,470,734
./benchmarks/map/blood/problog_format/bl8_0_2_272.pl,16,275,287
./benchmarks/map/blood/problog_format/bl9_0_6_1207.pl,17,1210,1560
./benchmarks/map/blood/problog_format/bl9_0_5_902.pl,17,905,1433
./benchmarks/map/blood/problog_format/bl4_0_6_322.pl,15,325,347
./benchmarks/map/blood/problog_format/bl8_0_0_451.pl,16,454,487
./benchmarks/map/blood/problog_format/bl9_0_7_443.pl,16,446,483
./benchmarks/map/blood/problog_format/bl1_0_2_63.pl,15,66,66
./benchmarks/map/blood/problog_format/bl7_0_5_956.pl,16,959,1017
./benchmarks/map/blood/problog_format/bl4_0_0_253.pl,15,256,272
./benchmarks/map/blood/problog_format/bl4_0_8_12.pl,16,20,20
./benchmarks/map/blood/problog_format/bl5_0_7_446.pl,16,449,584
./benchmarks/map/blood/problog_format/bl3_0_3_170.pl,15,173,173
./benchmarks/map/blood/problog_format/bl5_0_8_507.pl,15,510,696
./benchmarks/map/blood/problog_format/bl3_0_4_353.pl,15,356,527
./benchmarks/map/blood/problog_format/bl7_0_4_336.pl,16,339,345
./benchmarks/map/blood/problog_format/bl7_0_6_574.pl,15,577,692
./benchmarks/map/blood/problog_format/bl10_0_2_157.pl,16,160,160
./benchmarks/map/blood/problog_format/bl9_0_4_1161.pl,16,1164,-1
./benchmarks/map/blood/problog_format/bl7_0_8_792.pl,16,795,1356
./benchmarks/map/blood/problog_format/bl4_0_2_273.pl,15,276,280
./benchmarks/map/blood/problog_format/bl3_0_8_97.pl,15,100,100
./benchmarks/map/blood/problog_format/bl3_0_1_328.pl,15,331,472
./benchmarks/map/blood/problog_format/bl6_0_3_657.pl,16,660,1031
./benchmarks/map/blood/problog_format/bl10_0_0_87.pl,17,90,90
./benchmarks/map/blood/problog_format/bl2_0_6_24.pl,15,27,27
./benchmarks/map/blood/problog_format/bl0_0_7_11.pl,14,20,20
./benchmarks/map/blood/problog_format/bl5_0_0_621.pl,16,624,1004
./benchmarks/map/blood/problog_format/bl1_0_5_73.pl,15,76,76
./benchmarks/map/blood/problog_format/bl9_0_9_1007.pl,17,1010,-1
./benchmarks/map/blood/problog_format/bl1_0_4_126.pl,15,129,136
./benchmarks/map/blood/problog_format/bl2_0_7_203.pl,15,206,218
./benchmarks/map/blood/problog_format/bl2_0_0_219.pl,15,222,288
./benchmarks/map/blood/problog_format/bl5_0_5_208.pl,16,211,211
./benchmarks/map/blood/problog_format/bl0_0_4_21.pl,14,28,28
./benchmarks/map/blood/problog_format/bl7_0_3_70.pl,16,73,73
./benchmarks/map/blood/problog_format/bl8_0_8_123.pl,16,126,126
./benchmarks/map/blood/problog_format/bl0_0_8_16.pl,13,24,24
./benchmarks/map/blood/problog_format/bl10_0_9_235.pl,17,238,238
./benchmarks/map/blood/problog_format/bl6_0_1_99.pl,15,102,102
./benchmarks/map/blood/problog_format/bl8_0_6_298.pl,16,301,309
./benchmarks/map/blood/problog_format/bl6_0_8_283.pl,16,286,295
./benchmarks/map/blood/problog_format/bl2_0_2_261.pl,15,264,430
./benchmarks/map/blood/problog_format/bl1_0_8_37.pl,15,40,40
./benchmarks/map/blood/problog_format/bl6_0_2_521.pl,16,524,657
./benchmarks/map/blood/problog_format/bl1_0_9_101.pl,14,104,104
./benchmarks/map/blood/problog_format/bl4_0_4_277.pl,15,280,291
./benchmarks/map/blood/problog_format/bl0_0_6_5.pl,14,18,18
./benchmarks/map/blood/problog_format/bl1_0_0_110.pl,15,113,113
./benchmarks/map/blood/problog_format/bl9_0_2_703.pl,16,706,969
./benchmarks/map/blood/problog_format/bl10_0_6_576.pl,17,579,632
./benchmarks/map/blood/problog_format/bl8_0_4_19.pl,17,23,23
./benchmarks/map/blood/problog_format/bl6_0_6_89.pl,15,92,92
./benchmarks/map/blood/problog_format/bl5_0_2_420.pl,16,423,534
./benchmarks/map/blood/problog_format/bl2_0_8_208.pl,15,211,233
./benchmarks/map/blood/problog_format/bl5_0_3_0.pl,15,15,15
./benchmarks/map/blood/problog_format/bl0_0_9_19.pl,14,28,28
./benchmarks/map/blood/problog_format/bl10_0_8_389.pl,18,392,405
./benchmarks/map/blood/problog_format/bl10_0_5_324.pl,18,327,338
./benchmarks/map/blood/problog_format/bl6_0_4_264.pl,16,267,275
./benchmarks/map/blood/problog_format/bl4_0_9_149.pl,15,152,152
./benchmarks/map/blood/problog_format/bl7_0_2_575.pl,16,578,702
./benchmarks/map/blood/problog_format/bl8_0_3_390.pl,17,393,406
./benchmarks/map/blood/problog_format/bl0_0_5_19.pl,14,24,24
./benchmarks/map/blood/problog_format/bl3_0_0_170.pl,15,173,186
./benchmarks/map/blood/problog_format/bl5_0_9_283.pl,15,286,294
./benchmarks/map/blood/problog_format/bl10_0_3_830.pl,17,833,1178
./benchmarks/map/blood/problog_format/bl9_0_8_826.pl,17,829,1157
./benchmarks/map/blood/problog_format/bl4_0_7_100.pl,15,103,103
./benchmarks/map/blood/problog_format/bl4_0_3_125.pl,15,128,128
./benchmarks/map/blood/problog_format/bl1_0_6_166.pl,15,169,96
./benchmarks/map/blood/problog_format/bl6_0_5_519.pl,15,522,622
./benchmarks/map/blood/problog_format/bl5_0_6_552.pl,15,555,816
./benchmarks/map/blood/problog_format/bl2_0_3_18.pl,15,21,21
./benchmarks/map/blood/problog_format/bl7_0_9_263.pl,16,266,278
./benchmarks/map/blood/problog_format/bl8_0_1_94.pl,17,97,97
./benchmarks/map/blood/problog_format/bl3_0_6_88.pl,15,91,91
./benchmarks/map/blood/problog_format/bl7_0_1_809.pl,16,812,1309
./benchmarks/map/blood/problog_format/bl3_0_9_102.pl,15,105,105
./benchmarks/map/blood/problog_format/bl9_0_0_345.pl,16,348,348
./benchmarks/map/blood/problog_format/bl10_0_1_893.pl,17,896,1232
./benchmarks/map/blood/problog_format/bl1_0_7_152.pl,15,155,176
./benchmarks/map/blood/problog_format/bl5_0_4_459.pl,15,462,610
./benchmarks/map/blood/problog_format/bl0_0_0_35.pl,14,39,28
./benchmarks/map/blood/problog_format/bl2_0_4_240.pl,16,243,291
./benchmarks/map/blood/problog_format/bl1_0_3_46.pl,15,49,49
./benchmarks/map/blood/problog_format/bl10_0_7_639.pl,17,642,749
./benchmarks/map/blood/problog_format/bl7_0_0_815.pl,16,818,1413
./benchmarks/map/blood/problog_format/bl10_0_4_1298.pl,17,1301,-1
./benchmarks/map/blood/problog_format/bl2_0_9_217.pl,15,220,242
./benchmarks/map/blood/problog_format/bl2_0_5_42.pl,15,45,45
./benchmarks/map/blood/problog_format/bl0_0_3_15.pl,13,21,21
./benchmarks/map/blood/problog_format/bl3_0_2_111.pl,14,114,114
./benchmarks/map/blood/problog_format/bl3_0_5_32.pl,15,35,35
./benchmarks/map/blood/problog_format/bl6_0_7_503.pl,15,506,622
./benchmarks/map/blood/problog_format/bl8_0_9_1005.pl,17,1008,-1
./benchmarks/map/blood/problog_format/bl0_0_1_35.pl,14,38,34
./benchmarks/map/blood/problog_format/bl5_0_1_193.pl,15,196,196
./benchmarks/map/blood/problog_format/bl9_0_3_1070.pl,17,1073,-1
./benchmarks/map/blood/problog_format/bl6_0_9_480.pl,16,483,587
./benchmarks/map/blood/problog_format/bl4_0_5_20.pl,16,23,23
./benchmarks/map/blood/problog_format/bl8_0_7_218.pl,16,221,226
./benchmarks/map/blood/problog_format/bl0_0_2_22.pl,14,29,29
./benchmarks/map/blood/problog_format/bl1_0_1_25.pl,14,28,28
./benchmarks/map/blood/problog_format/bl3_0_7_318.pl,15,321,432
./benchmarks/map/blood/problog_format/bl7_0_7_244.pl,16,247,247
./benchmarks/map/blood/problog_format/bl8_0_5_723.pl,16,726,1018
./benchmarks/map/blood/problog_format/bl6_0_0_635.pl,16,638,927
./benchmarks/map/blood/problog_format/bl2_0_1_232.pl,15,235,327
./benchmarks/map/blood/problog_format/bl9_0_1_646.pl,16,649,763
./benchmarks/map/graphs/problog_format/graph_050_02_4_62.pl,35,69,69
./benchmarks/map/graphs/problog_format/graph_050_08_4_49.pl,32,58,59
./benchmarks/map/graphs/problog_format/graph_050_05_2_88.pl,35,90,90
./benchmarks/map/graphs/problog_format/graph_050_10_7_88.pl,33,92,72
./benchmarks/map/graphs/problog_format/graph_050_10_9_92.pl,34,93,129
./benchmarks/map/graphs/problog_format/graph_050_09_9_95.pl,30,96,30
./benchmarks/map/graphs/problog_format/graph_050_03_2_35.pl,40,59,59
./benchmarks/map/graphs/problog_format/graph_050_08_2_28.pl,32,37,37
./benchmarks/map/graphs/problog_format/graph_050_07_9_39.pl,46,59,59
./benchmarks/map/graphs/problog_format/graph_050_01_1_82.pl,23,82,95
./benchmarks/map/graphs/problog_format/graph_050_04_7_47.pl,26,52,52
./benchmarks/map/graphs/problog_format/graph_050_04_3_13.pl,24,28,28
./benchmarks/map/graphs/problog_format/graph_050_08_1_96.pl,32,96,32
./benchmarks/map/graphs/problog_format/graph_050_01_2_29.pl,24,36,36
./benchmarks/map/graphs/problog_format/graph_050_07_6_95.pl,40,95,90
./benchmarks/map/graphs/problog_format/graph_050_10_5_17.pl,35,40,40
./benchmarks/map/graphs/problog_format/graph_050_10_6_8.pl,33,35,35
./benchmarks/map/graphs/problog_format/graph_050_09_3_26.pl,30,36,36
./benchmarks/map/graphs/problog_format/graph_050_03_0_2.pl,40,40,40
./benchmarks/map/graphs/problog_format/graph_050_04_8_83.pl,27,83,67
./benchmarks/map/graphs/problog_format/graph_050_01_7_77.pl,24,77,67
./benchmarks/map/graphs/problog_format/graph_050_04_9_15.pl,27,30,30
./benchmarks/map/graphs/problog_format/graph_050_03_5_30.pl,40,52,51
./benchmarks/map/graphs/problog_format/graph_050_10_0_31.pl,34,47,47
./benchmarks/map/graphs/problog_format/graph_050_06_6_19.pl,23,33,32
./benchmarks/map/graphs/problog_format/graph_050_09_0_60.pl,30,64,64
./benchmarks/map/graphs/problog_format/graph_050_09_6_75.pl,30,78,76
./benchmarks/map/graphs/problog_format/graph_050_02_1_47.pl,35,52,52
./benchmarks/map/graphs/problog_format/graph_050_01_8_3.pl,23,23,23
./benchmarks/map/graphs/problog_format/graph_050_06_8_49.pl,24,54,54
./benchmarks/map/graphs/problog_format/graph_050_06_7_10.pl,23,26,26
./benchmarks/map/graphs/problog_format/graph_050_09_2_42.pl,30,48,48
./benchmarks/map/graphs/problog_format/graph_050_07_5_47.pl,44,65,65
./benchmarks/map/graphs/problog_format/graph_050_09_8_89.pl,30,90,98
./benchmarks/map/graphs/problog_format/graph_050_05_8_47.pl,35,59,60
./benchmarks/map/graphs/problog_format/graph_050_04_0_20.pl,24,33,34
./benchmarks/map/graphs/problog_format/graph_050_09_4_21.pl,30,36,36
./benchmarks/map/graphs/problog_format/graph_050_08_9_72.pl,32,76,76
./benchmarks/map/graphs/problog_format/graph_050_10_2_75.pl,34,83,122
./benchmarks/map/graphs/problog_format/graph_050_01_4_90.pl,24,90,87
./benchmarks/map/graphs/problog_format/graph_050_03_6_70.pl,40,80,73
./benchmarks/map/graphs/problog_format/graph_050_10_3_7.pl,33,36,36
./benchmarks/map/graphs/problog_format/graph_050_01_6_90.pl,23,90,61
./benchmarks/map/graphs/problog_format/graph_050_08_7_53.pl,32,59,59
./benchmarks/map/graphs/problog_format/graph_050_01_3_66.pl,23,69,69
./benchmarks/map/graphs/problog_format/graph_050_03_7_59.pl,40,72,72
./benchmarks/map/graphs/problog_format/graph_050_02_8_3.pl,35,36,36
./benchmarks/map/graphs/problog_format/graph_050_08_6_47.pl,32,55,55
./benchmarks/map/graphs/problog_format/graph_050_08_0_66.pl,32,73,73
./benchmarks/map/graphs/problog_format/graph_050_08_5_79.pl,32,83,83
./benchmarks/map/graphs/problog_format/graph_050_01_0_0.pl,23,23,23
./benchmarks/map/graphs/problog_format/graph_050_06_9_39.pl,23,45,47
./benchmarks/map/graphs/problog_format/graph_050_07_3_2.pl,44,43,43
./benchmarks/map/graphs/problog_format/graph_050_08_3_34.pl,32,48,48
./benchmarks/map/graphs/problog_format/graph_050_06_0_88.pl,23,89,87
./benchmarks/map/graphs/problog_format/graph_050_04_5_7.pl,27,27,27
./benchmarks/map/graphs/problog_format/graph_050_05_4_75.pl,35,77,77
./benchmarks/map/graphs/problog_format/graph_050_03_1_80.pl,40,82,100
./benchmarks/map/graphs/problog_format/graph_050_05_6_91.pl,35,93,95
./benchmarks/map/graphs/problog_format/graph_050_06_1_25.pl,24,37,37
./benchmarks/map/graphs/problog_format/graph_050_05_1_29.pl,35,43,44
./benchmarks/map/graphs/problog_format/graph_050_10_8_55.pl,33,61,61
./benchmarks/map/graphs/problog_format/graph_050_01_5_59.pl,24,60,59
./benchmarks/map/graphs/problog_format/graph_050_07_4_2.pl,44,46,46
./benchmarks/map/graphs/problog_format/graph_050_05_0_19.pl,35,43,43
./benchmarks/map/graphs/problog_format/graph_050_09_7_10.pl,30,30,30
./benchmarks/map/graphs/problog_format/graph_050_07_2_71.pl,46,80,81
./benchmarks/map/graphs/problog_format/graph_050_02_3_5.pl,36,36,36
./benchmarks/map/graphs/problog_format/graph_050_04_4_77.pl,27,77,71
./benchmarks/map/graphs/problog_format/graph_050_05_5_86.pl,35,88,88
./benchmarks/map/graphs/problog_format/graph_050_10_1_63.pl,34,68,71
./benchmarks/map/graphs/problog_format/graph_050_10_4_74.pl,34,79,81
./benchmarks/map/graphs/problog_format/graph_050_09_1_86.pl,30,87,82
./benchmarks/map/graphs/problog_format/graph_050_03_9_64.pl,40,84,83
./benchmarks/map/graphs/problog_format/graph_050_06_2_18.pl,24,31,31
./benchmarks/map/graphs/problog_format/graph_050_07_0_43.pl,44,65,65
./benchmarks/map/graphs/problog_format/graph_050_07_8_57.pl,44,69,67
./benchmarks/map/graphs/problog_format/graph_050_02_9_92.pl,35,93,85
./benchmarks/map/graphs/problog_format/graph_050_06_4_28.pl,24,36,36
./benchmarks/map/graphs/problog_format/graph_050_07_1_90.pl,44,92,177
./benchmarks/map/graphs/problog_format/graph_050_04_1_19.pl,27,31,32
./benchmarks/map/graphs/problog_format/graph_050_02_2_5.pl,35,36,36
./benchmarks/map/graphs/problog_format/graph_050_05_9_5.pl,35,36,36
./benchmarks/map/graphs/problog_format/graph_050_06_3_62.pl,24,67,67
./benchmarks/map/graphs/problog_format/graph_050_02_7_19.pl,35,41,41
./benchmarks/map/graphs/problog_format/graph_050_02_0_6.pl,35,33,33
./benchmarks/map/graphs/problog_format/graph_050_03_4_14.pl,40,47,47
./benchmarks/map/graphs/problog_format/graph_050_03_8_74.pl,40,79,79
./benchmarks/map/graphs/problog_format/graph_050_06_5_62.pl,23,63,63
./benchmarks/map/graphs/problog_format/graph_050_09_5_19.pl,30,35,35
./benchmarks/map/graphs/problog_format/graph_050_01_9_73.pl,23,73,73
./benchmarks/map/graphs/problog_format/graph_050_07_7_41.pl,40,62,62
./benchmarks/map/graphs/problog_format/graph_050_04_2_56.pl,27,56,56
./benchmarks/map/graphs/problog_format/graph_050_03_3_14.pl,40,48,48
./benchmarks/map/graphs/problog_format/graph_050_02_5_21.pl,35,39,39
./benchmarks/map/graphs/problog_format/graph_050_05_7_68.pl,35,72,72
./benchmarks/map/graphs/problog_format/graph_050_02_6_62.pl,35,70,70
./benchmarks/map/graphs/problog_format/graph_050_08_8_18.pl,32,39,39
./benchmarks/map/graphs/problog_format/graph_050_05_3_92.pl,35,93,115
./benchmarks/map/graphs/problog_format/graph_050_04_6_75.pl,27,75,75
